<?xml version="1.0"?>
<Results version="1.0">
<ReportNode type="testrun">
<ReportNode type="Iteration">
<ReportNode type="Context">
<ReportNode type="Step">
<Data>
    <Name>StartUp Browser.Navigate</Name>
    <Description>Navigate to http://www.valtech.com</Description>
    <StartTime>2017-02-01 16:26:27</StartTime>
    <Result>Done</Result>
    <Extension>
      <TestObject>
        <Path>
          <Object>
            <Type>Browser</Type>
            <Name><![CDATA[StartUp Browser]]></Name>
          </Object>
        </Path>
        <Operation>Navigate</Operation>
        <OperationData><![CDATA[Navigate to http://www.valtech.com]]></OperationData>
      </TestObject>
      <IconKey>c98fc6184498478b9876f78d02a6c226</IconKey>
      <IsPlainTextNodeName>True</IsPlainTextNodeName>
    </Extension>
  </Data>
</ReportNode>
<ReportNode type="Step">
<Data>
    <Name>StartUp Browser.Sync</Name>
    <Description />
    <StartTime>2017-02-01 16:26:30</StartTime>
    <Result>Done</Result>
    <Extension>
      <TestObject>
        <Path>
          <Object>
            <Type>Browser</Type>
            <Name><![CDATA[StartUp Browser]]></Name>
          </Object>
        </Path>
        <Operation>Sync</Operation>
      </TestObject>
      <IconKey>c98fc6184498478b9876f78d02a6c226</IconKey>
      <IsPlainTextNodeName>True</IsPlainTextNodeName>
    </Extension>
  </Data>
</ReportNode>
<Data>
    <Name>StartUp Browser</Name>
    <Description>&lt;table&gt;&lt;tr&gt;&lt;td&gt;&lt;span style="text-align : left; font-size : 12px; "&gt;Local Browser&lt;/span&gt;&lt;/td&gt;&lt;/tr&gt;&lt;/table&gt;</Description>
    <StartTime>2017-02-01 16:26:27</StartTime>
    <Duration>3</Duration>
    <Result>Done</Result>
    <Extension>
      <TestObject>
        <Path>
          <Object>
            <Type>Browser</Type>
            <Name><![CDATA[StartUp Browser]]></Name>
          </Object>
        </Path>
        <OperationData><![CDATA[<table><tr><td><span style="text-align : left; font-size : 12px; ">Local Browser</span></td></tr></table>]]></OperationData>
      </TestObject>
      <IconKey>c98fc6184498478b9876f78d02a6c226</IconKey>
      <IsPlainTextNodeName>True</IsPlainTextNodeName>
    </Extension>
  </Data>
</ReportNode>
<ReportNode type="Action">
<ReportNode type="Context">
<ReportNode type="Context">
<ReportNode type="Step">
<Data>
    <Name>Page.Sync</Name>
    <Description />
    <StartTime>2017-02-01 16:26:30</StartTime>
    <Result>Done</Result>
    <Extension>
      <TestObject>
        <Repository>Local</Repository>
        <Path>
          <Object>
            <Type>Browser</Type>
            <Name><![CDATA[Browser]]></Name>
          </Object>
          <Object>
            <Type>Page</Type>
            <Name><![CDATA[Page]]></Name>
          </Object>
        </Path>
        <Operation>Sync</Operation>
      </TestObject>
      <IconKey>62a676196b74491fb84fb7ded200a199</IconKey>
      <IsPlainTextNodeName>True</IsPlainTextNodeName>
    </Extension>
  </Data>
</ReportNode>
<Data>
    <Name>Page</Name>
    <Description>Page</Description>
    <StartTime>2017-02-01 16:26:30</StartTime>
    <Duration>0</Duration>
    <Result>Done</Result>
    <Extension>
      <TestObject>
        <Repository>Local</Repository>
        <Path>
          <Object>
            <Type>Browser</Type>
            <Name><![CDATA[Browser]]></Name>
          </Object>
          <Object>
            <Type>Page</Type>
            <Name><![CDATA[Page]]></Name>
          </Object>
        </Path>
        <OperationData><![CDATA[Page]]></OperationData>
      </TestObject>
      <IconKey>62a676196b74491fb84fb7ded200a199</IconKey>
      <IsPlainTextNodeName>True</IsPlainTextNodeName>
    </Extension>
  </Data>
</ReportNode>
<ReportNode type="Step">
<Data>
    <Name>Browser.Navigate</Name>
    <Description>Navigate to https://www.valtech.com/&lt;br&gt;Target Frame: _top&lt;br&gt;Post Data: &lt;br&gt;HTTP Headers: </Description>
    <StartTime>2017-02-01 16:26:30</StartTime>
    <Result>Done</Result>
    <Extension>
      <TestObject>
        <Repository>Local</Repository>
        <Path>
          <Object>
            <Type>Browser</Type>
            <Name><![CDATA[Browser]]></Name>
          </Object>
        </Path>
        <Operation>Navigate</Operation>
        <OperationData><![CDATA[Navigate to https://www.valtech.com/<br>Target Frame: _top<br>Post Data: <br>HTTP Headers: ]]></OperationData>
      </TestObject>
      <IconKey>c98fc6184498478b9876f78d02a6c226</IconKey>
      <IsPlainTextNodeName>True</IsPlainTextNodeName>
    </Extension>
  </Data>
</ReportNode>
<ReportNode type="Context">
<ReportNode type="Step">
<Data>
    <Name>Work.Click</Name>
    <Description />
    <StartTime>2017-02-01 16:26:34</StartTime>
    <Result>Done</Result>
    <Extension>
      <TestObject>
        <Repository>Local</Repository>
        <Path>
          <Object>
            <Type>Browser</Type>
            <Name><![CDATA[Browser]]></Name>
          </Object>
          <Object>
            <Type>Page</Type>
            <Name><![CDATA[Page]]></Name>
          </Object>
          <Object>
            <Type>Link</Type>
            <Name><![CDATA[Work]]></Name>
          </Object>
        </Path>
        <Operation>Click</Operation>
        <Properties>
          <Property>
            <Name><![CDATA[text]]></Name>
            <Value><![CDATA[Work]]></Value>
          </Property>
          <Property>
            <Name><![CDATA[html tag]]></Name>
            <Value><![CDATA[A]]></Value>
          </Property>
        </Properties>
      </TestObject>
      <IconKey>0b23e97512ad45a78703ce8c3c1b7c1a</IconKey>
      <IsPlainTextNodeName>True</IsPlainTextNodeName>
    </Extension>
  </Data>
</ReportNode>
<Data>
    <Name>Page</Name>
    <Description>Page</Description>
    <StartTime>2017-02-01 16:26:34</StartTime>
    <Duration>10</Duration>
    <Result>Done</Result>
    <Extension>
      <TestObject>
        <Repository>Local</Repository>
        <Path>
          <Object>
            <Type>Browser</Type>
            <Name><![CDATA[Browser]]></Name>
          </Object>
          <Object>
            <Type>Page</Type>
            <Name><![CDATA[Page]]></Name>
          </Object>
        </Path>
        <OperationData><![CDATA[Page]]></OperationData>
      </TestObject>
      <IconKey>62a676196b74491fb84fb7ded200a199</IconKey>
      <IsPlainTextNodeName>True</IsPlainTextNodeName>
    </Extension>
  </Data>
</ReportNode>
<ReportNode type="Context">
<ReportNode type="Context">
<ReportNode type="Checkpoint">
<Data>
    <Name>"Cases_H1_Value"</Name>
    <Description> </Description>
    <StartTime>2017-02-01 16:26:44</StartTime>
    <Result>Failed</Result>
    <Extension>
      <TestObject>
        <Repository>Local</Repository>
        <Path>
          <Object>
            <Type>Browser</Type>
            <Name><![CDATA[Browser]]></Name>
          </Object>
          <Object>
            <Type>Page</Type>
            <Name><![CDATA[Where Experiences are]]></Name>
          </Object>
          <Object>
            <Type>WebElement</Type>
            <Name><![CDATA[Work]]></Name>
          </Object>
        </Path>
        <OperationData><![CDATA[ ]]></OperationData>
        <Properties>
          <Property>
            <Name><![CDATA[innertext]]></Name>
            <Value><![CDATA[Work]]></Value>
          </Property>
          <Property>
            <Name><![CDATA[html tag]]></Name>
            <Value><![CDATA[H1]]></Value>
          </Property>
        </Properties>
      </TestObject>
      <Checkpoint>
        <Type>Standard Checkpoint</Type>
        <Properties>
          <Property>
            <StdChkPointPropertyName><![CDATA[html tag]]></StdChkPointPropertyName>
            <StdChkPointPropertyActualValue><![CDATA[H1]]></StdChkPointPropertyActualValue>
            <StdChkPointPropertyExpectedValue><![CDATA[H1]]></StdChkPointPropertyExpectedValue>
            <StdChkPointParameterized><![CDATA[ON]]></StdChkPointParameterized>
          </Property>
          <Property>
            <StdChkPointPropertyName><![CDATA[innertext]]></StdChkPointPropertyName>
            <StdChkPointPropertyActualValue><![CDATA[Work]]></StdChkPointPropertyActualValue>
            <StdChkPointPropertyExpectedValue><![CDATA[Cases]]></StdChkPointPropertyExpectedValue>
            <StdChkPointParameterized><![CDATA[ON]]></StdChkPointParameterized>
          </Property>
        </Properties>
        <MaxTimeout>5</MaxTimeout>
        <UsedTimeout>5</UsedTimeout>
      </Checkpoint>
      <IconKey>e5f37b21ee3a41dca6ab9007addc3c9a</IconKey>
      <IsPlainTextNodeName>True</IsPlainTextNodeName>
    </Extension>
    <Snapshot reference="Resources\Snapshots\853878b2-cf43-4ae8-a825-aab375ab362e.jpeg" />
  </Data>
</ReportNode>
<Data>
    <Name>Work</Name>
    <Description>WebElement</Description>
    <StartTime>2017-02-01 16:26:44</StartTime>
    <Duration>0</Duration>
    <Result>Failed</Result>
    <Extension>
      <TestObject>
        <Repository>Local</Repository>
        <Path>
          <Object>
            <Type>Browser</Type>
            <Name><![CDATA[Browser]]></Name>
          </Object>
          <Object>
            <Type>Page</Type>
            <Name><![CDATA[Where Experiences are]]></Name>
          </Object>
          <Object>
            <Type>WebElement</Type>
            <Name><![CDATA[Work]]></Name>
          </Object>
        </Path>
        <OperationData><![CDATA[WebElement]]></OperationData>
        <Properties>
          <Property>
            <Name><![CDATA[innertext]]></Name>
            <Value><![CDATA[Work]]></Value>
          </Property>
          <Property>
            <Name><![CDATA[html tag]]></Name>
            <Value><![CDATA[H1]]></Value>
          </Property>
        </Properties>
      </TestObject>
      <IconKey>e5f37b21ee3a41dca6ab9007addc3c9a</IconKey>
      <IsPlainTextNodeName>True</IsPlainTextNodeName>
    </Extension>
  </Data>
</ReportNode>
<ReportNode type="Step">
<Data>
    <Name>Services.Click</Name>
    <Description />
    <StartTime>2017-02-01 16:26:44</StartTime>
    <Result>Done</Result>
    <Extension>
      <TestObject>
        <Repository>Local</Repository>
        <Path>
          <Object>
            <Type>Browser</Type>
            <Name><![CDATA[Browser]]></Name>
          </Object>
          <Object>
            <Type>Page</Type>
            <Name><![CDATA[Where Experiences are]]></Name>
          </Object>
          <Object>
            <Type>Link</Type>
            <Name><![CDATA[Services]]></Name>
          </Object>
        </Path>
        <Operation>Click</Operation>
        <Properties>
          <Property>
            <Name><![CDATA[text]]></Name>
            <Value><![CDATA[Services]]></Value>
          </Property>
          <Property>
            <Name><![CDATA[html tag]]></Name>
            <Value><![CDATA[A]]></Value>
          </Property>
        </Properties>
      </TestObject>
      <IconKey>0b23e97512ad45a78703ce8c3c1b7c1a</IconKey>
      <IsPlainTextNodeName>True</IsPlainTextNodeName>
    </Extension>
  </Data>
</ReportNode>
<Data>
    <Name>Where Experiences are</Name>
    <Description>Page</Description>
    <StartTime>2017-02-01 16:26:44</StartTime>
    <Duration>2</Duration>
    <Result>Failed</Result>
    <Extension>
      <TestObject>
        <Repository>Local</Repository>
        <Path>
          <Object>
            <Type>Browser</Type>
            <Name><![CDATA[Browser]]></Name>
          </Object>
          <Object>
            <Type>Page</Type>
            <Name><![CDATA[Where Experiences are]]></Name>
          </Object>
        </Path>
        <OperationData><![CDATA[Page]]></OperationData>
      </TestObject>
      <IconKey>62a676196b74491fb84fb7ded200a199</IconKey>
      <IsPlainTextNodeName>True</IsPlainTextNodeName>
    </Extension>
  </Data>
</ReportNode>
<ReportNode type="Context">
<ReportNode type="Context">
<ReportNode type="Checkpoint">
<Data>
    <Name>"Services_H1_Value"</Name>
    <Description> </Description>
    <StartTime>2017-02-01 16:26:46</StartTime>
    <Result>Passed</Result>
    <Extension>
      <TestObject>
        <Repository>Local</Repository>
        <Path>
          <Object>
            <Type>Browser</Type>
            <Name><![CDATA[Browser]]></Name>
          </Object>
          <Object>
            <Type>Page</Type>
            <Name><![CDATA[Where Experiences are_2]]></Name>
          </Object>
          <Object>
            <Type>WebElement</Type>
            <Name><![CDATA[Services]]></Name>
          </Object>
        </Path>
        <OperationData><![CDATA[ ]]></OperationData>
        <Properties>
          <Property>
            <Name><![CDATA[innertext]]></Name>
            <Value><![CDATA[Services]]></Value>
          </Property>
          <Property>
            <Name><![CDATA[html tag]]></Name>
            <Value><![CDATA[H1]]></Value>
          </Property>
        </Properties>
      </TestObject>
      <Checkpoint>
        <Type>Standard Checkpoint</Type>
        <Properties>
          <Property>
            <StdChkPointPropertyName><![CDATA[html tag]]></StdChkPointPropertyName>
            <StdChkPointPropertyActualValue><![CDATA[H1]]></StdChkPointPropertyActualValue>
            <StdChkPointPropertyExpectedValue><![CDATA[H1]]></StdChkPointPropertyExpectedValue>
            <StdChkPointParameterized><![CDATA[ON]]></StdChkPointParameterized>
          </Property>
          <Property>
            <StdChkPointPropertyName><![CDATA[innertext]]></StdChkPointPropertyName>
            <StdChkPointPropertyActualValue><![CDATA[Services]]></StdChkPointPropertyActualValue>
            <StdChkPointPropertyExpectedValue><![CDATA[Services]]></StdChkPointPropertyExpectedValue>
            <StdChkPointParameterized><![CDATA[ON]]></StdChkPointParameterized>
          </Property>
        </Properties>
      </Checkpoint>
      <IconKey>e5f37b21ee3a41dca6ab9007addc3c9a</IconKey>
      <IsPlainTextNodeName>True</IsPlainTextNodeName>
    </Extension>
  </Data>
</ReportNode>
<Data>
    <Name>Services</Name>
    <Description>WebElement</Description>
    <StartTime>2017-02-01 16:26:46</StartTime>
    <Duration>0</Duration>
    <Result>Passed</Result>
    <Extension>
      <TestObject>
        <Repository>Local</Repository>
        <Path>
          <Object>
            <Type>Browser</Type>
            <Name><![CDATA[Browser]]></Name>
          </Object>
          <Object>
            <Type>Page</Type>
            <Name><![CDATA[Where Experiences are_2]]></Name>
          </Object>
          <Object>
            <Type>WebElement</Type>
            <Name><![CDATA[Services]]></Name>
          </Object>
        </Path>
        <OperationData><![CDATA[WebElement]]></OperationData>
        <Properties>
          <Property>
            <Name><![CDATA[innertext]]></Name>
            <Value><![CDATA[Services]]></Value>
          </Property>
          <Property>
            <Name><![CDATA[html tag]]></Name>
            <Value><![CDATA[H1]]></Value>
          </Property>
        </Properties>
      </TestObject>
      <IconKey>e5f37b21ee3a41dca6ab9007addc3c9a</IconKey>
      <IsPlainTextNodeName>True</IsPlainTextNodeName>
    </Extension>
  </Data>
</ReportNode>
<ReportNode type="Step">
<Data>
    <Name>Careers.Click</Name>
    <Description />
    <StartTime>2017-02-01 16:26:46</StartTime>
    <Result>Done</Result>
    <Extension>
      <TestObject>
        <Repository>Local</Repository>
        <Path>
          <Object>
            <Type>Browser</Type>
            <Name><![CDATA[Browser]]></Name>
          </Object>
          <Object>
            <Type>Page</Type>
            <Name><![CDATA[Where Experiences are_2]]></Name>
          </Object>
          <Object>
            <Type>Link</Type>
            <Name><![CDATA[Careers]]></Name>
          </Object>
        </Path>
        <Operation>Click</Operation>
        <Properties>
          <Property>
            <Name><![CDATA[text]]></Name>
            <Value><![CDATA[Careers]]></Value>
          </Property>
          <Property>
            <Name><![CDATA[html tag]]></Name>
            <Value><![CDATA[A]]></Value>
          </Property>
        </Properties>
      </TestObject>
      <IconKey>0b23e97512ad45a78703ce8c3c1b7c1a</IconKey>
      <IsPlainTextNodeName>True</IsPlainTextNodeName>
    </Extension>
  </Data>
</ReportNode>
<Data>
    <Name>Where Experiences are_2</Name>
    <Description>Page</Description>
    <StartTime>2017-02-01 16:26:46</StartTime>
    <Duration>3</Duration>
    <Result>Passed</Result>
    <Extension>
      <TestObject>
        <Repository>Local</Repository>
        <Path>
          <Object>
            <Type>Browser</Type>
            <Name><![CDATA[Browser]]></Name>
          </Object>
          <Object>
            <Type>Page</Type>
            <Name><![CDATA[Where Experiences are_2]]></Name>
          </Object>
        </Path>
        <OperationData><![CDATA[Page]]></OperationData>
      </TestObject>
      <IconKey>62a676196b74491fb84fb7ded200a199</IconKey>
      <IsPlainTextNodeName>True</IsPlainTextNodeName>
    </Extension>
  </Data>
</ReportNode>
<ReportNode type="Context">
<ReportNode type="Context">
<ReportNode type="Checkpoint">
<Data>
    <Name>"Jobs_H1_Value"</Name>
    <Description> </Description>
    <StartTime>2017-02-01 16:26:49</StartTime>
    <Result>Failed</Result>
    <Extension>
      <TestObject>
        <Repository>Local</Repository>
        <Path>
          <Object>
            <Type>Browser</Type>
            <Name><![CDATA[Browser]]></Name>
          </Object>
          <Object>
            <Type>Page</Type>
            <Name><![CDATA[Where Experiences are_3]]></Name>
          </Object>
          <Object>
            <Type>WebElement</Type>
            <Name><![CDATA[Careers]]></Name>
          </Object>
        </Path>
        <OperationData><![CDATA[ ]]></OperationData>
        <Properties>
          <Property>
            <Name><![CDATA[innertext]]></Name>
            <Value><![CDATA[Careers]]></Value>
          </Property>
          <Property>
            <Name><![CDATA[html tag]]></Name>
            <Value><![CDATA[H1]]></Value>
          </Property>
        </Properties>
      </TestObject>
      <Checkpoint>
        <Type>Standard Checkpoint</Type>
        <Properties>
          <Property>
            <StdChkPointPropertyName><![CDATA[html tag]]></StdChkPointPropertyName>
            <StdChkPointPropertyActualValue><![CDATA[H1]]></StdChkPointPropertyActualValue>
            <StdChkPointPropertyExpectedValue><![CDATA[H1]]></StdChkPointPropertyExpectedValue>
            <StdChkPointParameterized><![CDATA[ON]]></StdChkPointParameterized>
          </Property>
          <Property>
            <StdChkPointPropertyName><![CDATA[innertext]]></StdChkPointPropertyName>
            <StdChkPointPropertyActualValue><![CDATA[Careers]]></StdChkPointPropertyActualValue>
            <StdChkPointPropertyExpectedValue><![CDATA[Jobs]]></StdChkPointPropertyExpectedValue>
            <StdChkPointParameterized><![CDATA[ON]]></StdChkPointParameterized>
          </Property>
        </Properties>
      </Checkpoint>
      <IconKey>e5f37b21ee3a41dca6ab9007addc3c9a</IconKey>
      <IsPlainTextNodeName>True</IsPlainTextNodeName>
    </Extension>
    <Snapshot reference="Resources\Snapshots\2308b794-3fb4-4be8-bb17-278e522b05e5.jpeg" />
  </Data>
</ReportNode>
<Data>
    <Name>Careers</Name>
    <Description>WebElement</Description>
    <StartTime>2017-02-01 16:26:49</StartTime>
    <Duration>0</Duration>
    <Result>Failed</Result>
    <Extension>
      <TestObject>
        <Repository>Local</Repository>
        <Path>
          <Object>
            <Type>Browser</Type>
            <Name><![CDATA[Browser]]></Name>
          </Object>
          <Object>
            <Type>Page</Type>
            <Name><![CDATA[Where Experiences are_3]]></Name>
          </Object>
          <Object>
            <Type>WebElement</Type>
            <Name><![CDATA[Careers]]></Name>
          </Object>
        </Path>
        <OperationData><![CDATA[WebElement]]></OperationData>
        <Properties>
          <Property>
            <Name><![CDATA[innertext]]></Name>
            <Value><![CDATA[Careers]]></Value>
          </Property>
          <Property>
            <Name><![CDATA[html tag]]></Name>
            <Value><![CDATA[H1]]></Value>
          </Property>
        </Properties>
      </TestObject>
      <IconKey>e5f37b21ee3a41dca6ab9007addc3c9a</IconKey>
      <IsPlainTextNodeName>True</IsPlainTextNodeName>
    </Extension>
  </Data>
</ReportNode>
<ReportNode type="Step">
<Data>
    <Name>contacticon.Click</Name>
    <Description />
    <StartTime>2017-02-01 16:26:49</StartTime>
    <Result>Done</Result>
    <Extension>
      <TestObject>
        <Repository>Local</Repository>
        <Path>
          <Object>
            <Type>Browser</Type>
            <Name><![CDATA[Browser]]></Name>
          </Object>
          <Object>
            <Type>Page</Type>
            <Name><![CDATA[Where Experiences are_3]]></Name>
          </Object>
          <Object>
            <Type>WebButton</Type>
            <Name><![CDATA[contacticon]]></Name>
          </Object>
        </Path>
        <Operation>Click</Operation>
        <Properties>
          <Property>
            <Name><![CDATA[type]]></Name>
            <Value><![CDATA[]]></Value>
          </Property>
          <Property>
            <Name><![CDATA[name]]></Name>
            <Value><![CDATA[Menu]]></Value>
          </Property>
          <Property>
            <Name><![CDATA[html tag]]></Name>
            <Value><![CDATA[A]]></Value>
          </Property>
        </Properties>
      </TestObject>
      <IconKey>9d5d20c4a9354358bf9cefdec81073a8</IconKey>
      <IsPlainTextNodeName>True</IsPlainTextNodeName>
    </Extension>
  </Data>
</ReportNode>
<ReportNode type="Step">
<Data>
    <Name>Buenos Aires City.Click</Name>
    <Description />
    <StartTime>2017-02-01 16:26:49</StartTime>
    <Result>Done</Result>
    <Extension>
      <TestObject>
        <Repository>Local</Repository>
        <Path>
          <Object>
            <Type>Browser</Type>
            <Name><![CDATA[Browser]]></Name>
          </Object>
          <Object>
            <Type>Page</Type>
            <Name><![CDATA[Where Experiences are_3]]></Name>
          </Object>
          <Object>
            <Type>Link</Type>
            <Name><![CDATA[Buenos Aires City]]></Name>
          </Object>
        </Path>
        <Operation>Click</Operation>
        <Properties>
          <Property>
            <Name><![CDATA[text]]></Name>
            <Value><![CDATA[Buenos Aires City]]></Value>
          </Property>
          <Property>
            <Name><![CDATA[html tag]]></Name>
            <Value><![CDATA[A]]></Value>
          </Property>
        </Properties>
      </TestObject>
      <IconKey>0b23e97512ad45a78703ce8c3c1b7c1a</IconKey>
      <IsPlainTextNodeName>True</IsPlainTextNodeName>
    </Extension>
  </Data>
</ReportNode>
<ReportNode type="Step">
<Data>
    <Name>Stop Run</Name>
    <Description>Run stopped by user.</Description>
    <StartTime>2017-02-01 16:26:56</StartTime>
    <Result>Information</Result>
    <Extension>
      <IconKey>3adf3994cda54b149f9c31d989dd1c6b</IconKey>
      <IsPlainTextNodeName>True</IsPlainTextNodeName>
    </Extension>
  </Data>
</ReportNode>
<Data>
    <Name>Where Experiences are_3</Name>
    <Description>Page</Description>
    <StartTime>2017-02-01 16:26:49</StartTime>
    <Duration>7</Duration>
    <Result>Failed</Result>
    <Extension>
      <TestObject>
        <Repository>Local</Repository>
        <Path>
          <Object>
            <Type>Browser</Type>
            <Name><![CDATA[Browser]]></Name>
          </Object>
          <Object>
            <Type>Page</Type>
            <Name><![CDATA[Where Experiences are_3]]></Name>
          </Object>
        </Path>
        <OperationData><![CDATA[Page]]></OperationData>
      </TestObject>
      <IconKey>62a676196b74491fb84fb7ded200a199</IconKey>
      <IsPlainTextNodeName>True</IsPlainTextNodeName>
    </Extension>
  </Data>
</ReportNode>
<Data>
    <Name>Browser</Name>
    <Description>&lt;table&gt;&lt;tr&gt;&lt;td&gt;&lt;span style="text-align : left; font-size : 12px; "&gt;Local Browser&lt;/span&gt;&lt;/td&gt;&lt;/tr&gt;&lt;/table&gt;</Description>
    <StartTime>2017-02-01 16:26:30</StartTime>
    <Duration>26</Duration>
    <Result>Failed</Result>
    <Extension>
      <TestObject>
        <Repository>Local</Repository>
        <Path>
          <Object>
            <Type>Browser</Type>
            <Name><![CDATA[Browser]]></Name>
          </Object>
        </Path>
        <OperationData><![CDATA[<table><tr><td><span style="text-align : left; font-size : 12px; ">Local Browser</span></td></tr></table>]]></OperationData>
      </TestObject>
      <IconKey>c98fc6184498478b9876f78d02a6c226</IconKey>
      <IsPlainTextNodeName>True</IsPlainTextNodeName>
    </Extension>
  </Data>
</ReportNode>
<Data>
    <Name>Action1</Name>
    <Description />
    <StartTime>2017-02-01 16:26:30</StartTime>
    <Duration>26</Duration>
    <Result>Failed</Result>
    <InputParameters />
    <Extension>
      <IconKey>2dd0a46c5b0a436890383627ea21f6c2</IconKey>
      <IsPlainTextNodeName>True</IsPlainTextNodeName>
    </Extension>
  </Data>
</ReportNode>
<Data>
    <Name>Action0</Name>
    <Description />
    <StartTime>2017-02-01 16:26:27</StartTime>
    <Duration>29</Duration>
    <Result>Failed</Result>
    <Extension>
      <IconKey>122ed0ee2af54a13b50c00782e7349d4</IconKey>
      <IsPlainTextNodeName>True</IsPlainTextNodeName>
    </Extension>
    <Index>1</Index>
    <TestedApplications>
      <TestedApplication>
        <RuntimeEngineInfo />
        <Name>Microsoft Internet Explorer</Name>
        <Path>C:\Program Files\Internet Explorer\IEXPLORE.EXE</Path>
        <Version>11</Version>
        <Technology>web</Technology>
        <Reserved />
        <AdditionalInfos>
          <Info>http://www.valtech.com</Info>
        </AdditionalInfos>
      </TestedApplication>
    </TestedApplications>
  </Data>
</ReportNode>
<ReportNode type="Step">
<Data>
    <Name>Stop Run</Name>
    <Description>Run stopped by user.</Description>
    <StartTime>2017-02-01 16:26:56</StartTime>
    <Result>Information</Result>
    <Extension>
      <IconKey>3e837a2ba09e47f38a39161eee6c68de</IconKey>
      <IsPlainTextNodeName>True</IsPlainTextNodeName>
    </Extension>
  </Data>
</ReportNode>
<Data>
    <Name>Valtech_Website_01</Name>
    <ToolName>HP Unified Functional Testing</ToolName>
    <ToolVersion>12.54</ToolVersion>
    <Description />
    <StartTime>2017-02-01 16:26:27</StartTime>
    <Duration>29</Duration>
    <Result>Failed</Result>
    <InputParameters />
    <Extension>
      <IconKey>728ec4f75a6b404a981f66805b22b70d</IconKey>
      <IsPlainTextNodeName>True</IsPlainTextNodeName>
    </Extension>
    <Environment>
      <Timezone>00:00:00</Timezone>
      <Locale>English (United Kingdom)</Locale>
      <User>Kevin</User>
      <CpuInfo>Intel(R) Core(TM) i5-2520M CPU @ 2.50GHz</CpuInfo>
      <NumberOfCores>4</NumberOfCores>
      <TotalMemory>8075</TotalMemory>
      <HostName>KEVIN-THINK</HostName>
      <OSInfo>Windows 10</OSInfo>
    </Environment>
    <TestedApplications />
    <Links>
      <Link type="DataTable" reference="Default.xls" displayname="Default Data Table" />
    </Links>
  </Data>
</ReportNode>
<GeneralInfo>
    <ResultName>Res5</ResultName>
    <RunStartTime>2017-02-01 16:26:27</RunStartTime>
    <Timezone>00:00:00</Timezone>
    <OrchestrationToolName>HP Unified Functional Testing</OrchestrationToolName>
    <OrchestrationToolVersion>12.54</OrchestrationToolVersion>
  </GeneralInfo>
</Results>